<?xml version="1.0" encoding="UTF-8"?>
<project-private xmlns="http://www.netbeans.org/ns/project-private/1">
    <editor-bookmarks xmlns="http://www.netbeans.org/ns/editor-bookmarks/2" lastBookmarkId="0"/>
    <open-files xmlns="http://www.netbeans.org/ns/projectui-open-files/2">
        <group>
            <file>file:/C:/xampp/htdocs/LO07Projet/gestion_utilisateurs.php</file>
            <file>file:/C:/xampp/htdocs/LO07Projet/modify_histoires.php</file>
            <file>file:/C:/xampp/htdocs/LO07Projet/header.php</file>
            <file>file:/C:/xampp/htdocs/LO07Projet/pannel.php</file>
            <file>file:/C:/xampp/htdocs/LO07Projet/assets.php</file>
        </group>
    </open-files>
</project-private>
